District,Date,Second-hand price (yuan/m²),New house price (yuan/m²),Source URL
嘉定区,2023-01,45978,49468,https://fangjia.gotohui.com/years/2495/2023/
嘉定区,2023-02,45424,46821,https://fangjia.gotohui.com/years/2495/2023/
嘉定区,2023-03,49025,48378,https://fangjia.gotohui.com/years/2495/2023/
嘉定区,2023-04,47095,0,https://fangjia.gotohui.com/years/2495/2023/
嘉定区,2023-05,46345,48399,https://fangjia.gotohui.com/years/2495/2023/
嘉定区,2023-06,46014,48326,https://fangjia.gotohui.com/years/2495/2023/
嘉定区,2023-07,44551,47968,https://fangjia.gotohui.com/years/2495/2023/
嘉定区,2023-08,48721,48296,https://fangjia.gotohui.com/years/2495/2023/
嘉定区,2023-09,46746,48111,https://fangjia.gotohui.com/years/2495/2023/
嘉定区,2023-0份,,,https://fangjia.gotohui.com/years/2495/2023/
嘉定区,2023-10,46213,47735,https://fangjia.gotohui.com/years/2495/2023/
嘉定区,2023-11,46575,47293,https://fangjia.gotohui.com/years/2495/2023/
嘉定区,2023-12,47973,49061,https://fangjia.gotohui.com/years/2495/2023/
嘉定区,2024-01,47328,50132,https://fangjia.gotohui.com/years/2495/2024/
嘉定区,2024-02,43687,50187,https://fangjia.gotohui.com/years/2495/2024/
嘉定区,2024-03,45035,51020,https://fangjia.gotohui.com/years/2495/2024/
嘉定区,2024-04,45042,49516,https://fangjia.gotohui.com/years/2495/2024/
嘉定区,2024-05,44543,49158,https://fangjia.gotohui.com/years/2495/2024/
嘉定区,2024-06,45435,47908,https://fangjia.gotohui.com/years/2495/2024/
嘉定区,2024-07,45407,47109,https://fangjia.gotohui.com/years/2495/2024/
嘉定区,2024-08,44327,46825,https://fangjia.gotohui.com/years/2495/2024/
嘉定区,2024-09,42512,46993,https://fangjia.gotohui.com/years/2495/2024/
嘉定区,2024-0份,,,https://fangjia.gotohui.com/years/2495/2024/
嘉定区,2024-10,42821,46845,https://fangjia.gotohui.com/years/2495/2024/
嘉定区,2024-11,42702,47111,https://fangjia.gotohui.com/years/2495/2024/
嘉定区,2024-12,43380,47230,https://fangjia.gotohui.com/years/2495/2024/
嘉定区,2025-01,44100,47103,https://fangjia.gotohui.com/years/2495/2025/
嘉定区,2025-02,42666,45026,https://fangjia.gotohui.com/years/2495/2025/
嘉定区,2025-03,43200,47681,https://fangjia.gotohui.com/years/2495/2025/
嘉定区,2025-04,42500,46413,https://fangjia.gotohui.com/years/2495/2025/
嘉定区,2025-05,42900,47644,https://fangjia.gotohui.com/years/2495/2025/
嘉定区,2025-06,41700,47130,https://fangjia.gotohui.com/years/2495/2025/
嘉定区,2025-07,40900,46609,https://fangjia.gotohui.com/years/2495/2025/
嘉定区,2025-08,41200,47387,https://fangjia.gotohui.com/years/2495/2025/
嘉定区,2025-09,41700,46547,https://fangjia.gotohui.com/years/2495/2025/
嘉定区,2025-0份,,,https://fangjia.gotohui.com/years/2495/2025/
嘉定区,2025-10,40000,46154,https://fangjia.gotohui.com/years/2495/2025/
嘉定区,2025-11,39800,45656,https://fangjia.gotohui.com/years/2495/2025/
嘉定区,2025-12,41500,46432,https://fangjia.gotohui.com/years/2495/2025/
嘉定区,2026-01,40900,47032,https://fangjia.gotohui.com/fjdata-2495
嘉定区,2026-02,40200,46538,https://fangjia.gotohui.com/fjdata-2495
嘉定区,2026-03,38600,46507,https://fangjia.gotohui.com/fjdata-2495
嘉定区,2026-04,40700,47015,https://fangjia.gotohui.com/fjdata-2495
奉贤区,2023-01,26259,36689,https://fangjia.gotohui.com/years/2499/2023/
奉贤区,2023-02,26673,34588,https://fangjia.gotohui.com/years/2499/2023/
奉贤区,2023-03,25758,32992,https://fangjia.gotohui.com/years/2499/2023/
奉贤区,2023-04,27046,33050,https://fangjia.gotohui.com/years/2499/2023/
奉贤区,2023-05,26943,32951,https://fangjia.gotohui.com/years/2499/2023/
奉贤区,2023-06,26857,32917,https://fangjia.gotohui.com/years/2499/2023/
奉贤区,2023-07,27232,32685,https://fangjia.gotohui.com/years/2499/2023/
奉贤区,2023-08,28133,34383,https://fangjia.gotohui.com/years/2499/2023/
奉贤区,2023-09,27325,32015,https://fangjia.gotohui.com/years/2499/2023/
奉贤区,2023-0份,,,https://fangjia.gotohui.com/years/2499/2023/
奉贤区,2023-10,26917,33168,https://fangjia.gotohui.com/years/2499/2023/
奉贤区,2023-11,27671,33578,https://fangjia.gotohui.com/years/2499/2023/
奉贤区,2023-12,26981,32828,https://fangjia.gotohui.com/years/2499/2023/
奉贤区,2024-01,26755,33249,https://fangjia.gotohui.com/years/2499/2024/
奉贤区,2024-02,25081,34601,https://fangjia.gotohui.com/years/2499/2024/
奉贤区,2024-03,25670,35976,https://fangjia.gotohui.com/years/2499/2024/
奉贤区,2024-04,26264,35727,https://fangjia.gotohui.com/years/2499/2024/
奉贤区,2024-05,25348,35023,https://fangjia.gotohui.com/years/2499/2024/
奉贤区,2024-06,26991,35949,https://fangjia.gotohui.com/years/2499/2024/
奉贤区,2024-07,26095,35685,https://fangjia.gotohui.com/years/2499/2024/
奉贤区,2024-08,26321,35264,https://fangjia.gotohui.com/years/2499/2024/
奉贤区,2024-09,25544,35876,https://fangjia.gotohui.com/years/2499/2024/
奉贤区,2024-0份,,,https://fangjia.gotohui.com/years/2499/2024/
奉贤区,2024-10,25706,35178,https://fangjia.gotohui.com/years/2499/2024/
奉贤区,2024-11,25334,35386,https://fangjia.gotohui.com/years/2499/2024/
奉贤区,2024-12,25304,35087,https://fangjia.gotohui.com/years/2499/2024/
奉贤区,2025-01,27855,35987,https://fangjia.gotohui.com/years/2499/2025/
奉贤区,2025-02,26075,35103,https://fangjia.gotohui.com/years/2499/2025/
奉贤区,2025-03,27500,36162,https://fangjia.gotohui.com/years/2499/2025/
奉贤区,2025-04,27300,36803,https://fangjia.gotohui.com/years/2499/2025/
奉贤区,2025-05,26600,37920,https://fangjia.gotohui.com/years/2499/2025/
奉贤区,2025-06,27400,37160,https://fangjia.gotohui.com/years/2499/2025/
奉贤区,2025-07,26900,39733,https://fangjia.gotohui.com/years/2499/2025/
奉贤区,2025-08,26000,38972,https://fangjia.gotohui.com/years/2499/2025/
奉贤区,2025-09,24700,39323,https://fangjia.gotohui.com/years/2499/2025/
奉贤区,2025-0份,,,https://fangjia.gotohui.com/years/2499/2025/
奉贤区,2025-10,23900,38939,https://fangjia.gotohui.com/years/2499/2025/
奉贤区,2025-11,24200,37197,https://fangjia.gotohui.com/years/2499/2025/
奉贤区,2025-12,24200,37488,https://fangjia.gotohui.com/years/2499/2025/
奉贤区,2026-01,25200,37741,https://fangjia.gotohui.com/fjdata-2499
奉贤区,2026-02,24300,37579,https://fangjia.gotohui.com/fjdata-2499
奉贤区,2026-03,24000,37513,https://fangjia.gotohui.com/fjdata-2499
奉贤区,2026-04,22200,37465,https://fangjia.gotohui.com/fjdata-2499
宝山区,2023-01,50921,59309,https://fangjia.gotohui.com/years/2501/2023/
宝山区,2023-02,52628,56849,https://fangjia.gotohui.com/years/2501/2023/
宝山区,2023-03,53400,56033,https://fangjia.gotohui.com/years/2501/2023/
宝山区,2023-04,54462,0,https://fangjia.gotohui.com/years/2501/2023/
宝山区,2023-05,52261,55712,https://fangjia.gotohui.com/years/2501/2023/
宝山区,2023-06,52686,56385,https://fangjia.gotohui.com/years/2501/2023/
宝山区,2023-07,50172,56258,https://fangjia.gotohui.com/years/2501/2023/
宝山区,2023-08,52372,55030,https://fangjia.gotohui.com/years/2501/2023/
宝山区,2023-09,53636,55375,https://fangjia.gotohui.com/years/2501/2023/
宝山区,2023-0份,,,https://fangjia.gotohui.com/years/2501/2023/
宝山区,2023-10,53034,54272,https://fangjia.gotohui.com/years/2501/2023/
宝山区,2023-11,50519,55301,https://fangjia.gotohui.com/years/2501/2023/
宝山区,2023-12,49745,52886,https://fangjia.gotohui.com/years/2501/2023/
宝山区,2024-01,51956,53548,https://fangjia.gotohui.com/years/2501/2024/
宝山区,2024-02,50576,52563,https://fangjia.gotohui.com/years/2501/2024/
宝山区,2024-03,49042,52545,https://fangjia.gotohui.com/years/2501/2024/
宝山区,2024-04,49659,50931,https://fangjia.gotohui.com/years/2501/2024/
宝山区,2024-05,49455,53078,https://fangjia.gotohui.com/years/2501/2024/
宝山区,2024-06,49493,52038,https://fangjia.gotohui.com/years/2501/2024/
宝山区,2024-07,49041,54112,https://fangjia.gotohui.com/years/2501/2024/
宝山区,2024-08,50145,54046,https://fangjia.gotohui.com/years/2501/2024/
宝山区,2024-09,48490,51762,https://fangjia.gotohui.com/years/2501/2024/
宝山区,2024-0份,,,https://fangjia.gotohui.com/years/2501/2024/
宝山区,2024-10,47739,52942,https://fangjia.gotohui.com/years/2501/2024/
宝山区,2024-11,48091,54064,https://fangjia.gotohui.com/years/2501/2024/
宝山区,2024-12,46697,52818,https://fangjia.gotohui.com/years/2501/2024/
宝山区,2025-01,47836,53696,https://fangjia.gotohui.com/years/2501/2025/
宝山区,2025-02,47544,53774,https://fangjia.gotohui.com/years/2501/2025/
宝山区,2025-03,45300,53393,https://fangjia.gotohui.com/years/2501/2025/
宝山区,2025-04,45400,56360,https://fangjia.gotohui.com/years/2501/2025/
宝山区,2025-05,45800,58033,https://fangjia.gotohui.com/years/2501/2025/
宝山区,2025-06,45300,57975,https://fangjia.gotohui.com/years/2501/2025/
宝山区,2025-07,44800,58947,https://fangjia.gotohui.com/years/2501/2025/
宝山区,2025-08,46000,57848,https://fangjia.gotohui.com/years/2501/2025/
宝山区,2025-09,45800,55999,https://fangjia.gotohui.com/years/2501/2025/
宝山区,2025-0份,,,https://fangjia.gotohui.com/years/2501/2025/
宝山区,2025-10,44100,55915,https://fangjia.gotohui.com/years/2501/2025/
宝山区,2025-11,43400,54868,https://fangjia.gotohui.com/years/2501/2025/
宝山区,2025-12,44200,55866,https://fangjia.gotohui.com/years/2501/2025/
宝山区,2026-01,43900,55509,https://fangjia.gotohui.com/fjdata-2501
宝山区,2026-02,43100,55706,https://fangjia.gotohui.com/fjdata-2501
宝山区,2026-03,42200,55971,https://fangjia.gotohui.com/fjdata-2501
宝山区,2026-04,41400,56240,https://fangjia.gotohui.com/fjdata-2501
崇明区,2023-01,18994,30598,https://fangjia.gotohui.com/years/2502/2023/
崇明区,2023-02,18980,29361,https://fangjia.gotohui.com/years/2502/2023/
崇明区,2023-03,18597,28654,https://fangjia.gotohui.com/years/2502/2023/
崇明区,2023-04,18557,28741,https://fangjia.gotohui.com/years/2502/2023/
崇明区,2023-05,19269,29047,https://fangjia.gotohui.com/years/2502/2023/
崇明区,2023-06,18632,29120,https://fangjia.gotohui.com/years/2502/2023/
崇明区,2023-07,19113,29329,https://fangjia.gotohui.com/years/2502/2023/
崇明区,2023-08,18082,29667,https://fangjia.gotohui.com/years/2502/2023/
崇明区,2023-09,18386,28779,https://fangjia.gotohui.com/years/2502/2023/
崇明区,2023-0份,,,https://fangjia.gotohui.com/years/2502/2023/
崇明区,2023-10,18691,28729,https://fangjia.gotohui.com/years/2502/2023/
崇明区,2023-11,17822,28322,https://fangjia.gotohui.com/years/2502/2023/
崇明区,2023-12,17246,29030,https://fangjia.gotohui.com/years/2502/2023/
崇明区,2024-01,17421,29098,https://fangjia.gotohui.com/years/2502/2024/
崇明区,2024-02,16547,29690,https://fangjia.gotohui.com/years/2502/2024/
崇明区,2024-03,16653,30064,https://fangjia.gotohui.com/years/2502/2024/
崇明区,2024-04,18134,29814,https://fangjia.gotohui.com/years/2502/2024/
崇明区,2024-05,17719,29365,https://fangjia.gotohui.com/years/2502/2024/
崇明区,2024-06,16711,29070,https://fangjia.gotohui.com/years/2502/2024/
崇明区,2024-07,16835,28947,https://fangjia.gotohui.com/years/2502/2024/
崇明区,2024-08,16547,29200,https://fangjia.gotohui.com/years/2502/2024/
崇明区,2024-09,16236,29374,https://fangjia.gotohui.com/years/2502/2024/
崇明区,2024-0份,,,https://fangjia.gotohui.com/years/2502/2024/
崇明区,2024-10,16534,29076,https://fangjia.gotohui.com/years/2502/2024/
崇明区,2024-11,18329,29148,https://fangjia.gotohui.com/years/2502/2024/
崇明区,2024-12,17945,29134,https://fangjia.gotohui.com/years/2502/2024/
崇明区,2025-01,18440,29139,https://fangjia.gotohui.com/years/2502/2025/
崇明区,2025-02,17014,29231,https://fangjia.gotohui.com/years/2502/2025/
崇明区,2025-03,16600,29182,https://fangjia.gotohui.com/years/2502/2025/
崇明区,2025-04,17500,30223,https://fangjia.gotohui.com/years/2502/2025/
崇明区,2025-05,18200,29644,https://fangjia.gotohui.com/years/2502/2025/
崇明区,2025-06,18400,29717,https://fangjia.gotohui.com/years/2502/2025/
崇明区,2025-07,18000,29719,https://fangjia.gotohui.com/years/2502/2025/
崇明区,2025-08,17700,31340,https://fangjia.gotohui.com/years/2502/2025/
崇明区,2025-09,15500,30024,https://fangjia.gotohui.com/years/2502/2025/
崇明区,2025-0份,,,https://fangjia.gotohui.com/years/2502/2025/
崇明区,2025-10,17600,30004,https://fangjia.gotohui.com/years/2502/2025/
崇明区,2025-11,18400,30006,https://fangjia.gotohui.com/years/2502/2025/
崇明区,2025-12,18400,29684,https://fangjia.gotohui.com/years/2502/2025/
崇明区,2026-01,20200,29900,https://fangjia.gotohui.com/fjdata-2502
崇明区,2026-02,18900,29843,https://fangjia.gotohui.com/fjdata-2502
崇明区,2026-03,20400,29717,https://fangjia.gotohui.com/fjdata-2502
崇明区,2026-04,18700,29633,https://fangjia.gotohui.com/fjdata-2502
徐汇区,2023-01,97143,0,https://fangjia.gotohui.com/years/2487/2023/
徐汇区,2023-02,91931,89934,https://fangjia.gotohui.com/years/2487/2023/
徐汇区,2023-03,92874,89817,https://fangjia.gotohui.com/years/2487/2023/
徐汇区,2023-04,93875,89908,https://fangjia.gotohui.com/years/2487/2023/
徐汇区,2023-05,97776,89982,https://fangjia.gotohui.com/years/2487/2023/
徐汇区,2023-06,94007,89811,https://fangjia.gotohui.com/years/2487/2023/
徐汇区,2023-07,92864,89864,https://fangjia.gotohui.com/years/2487/2023/
徐汇区,2023-08,93504,94181,https://fangjia.gotohui.com/years/2487/2023/
徐汇区,2023-09,92615,88320,https://fangjia.gotohui.com/years/2487/2023/
徐汇区,2023-0份,,,https://fangjia.gotohui.com/years/2487/2023/
徐汇区,2023-10,90562,96636,https://fangjia.gotohui.com/years/2487/2023/
徐汇区,2023-11,92143,96877,https://fangjia.gotohui.com/years/2487/2023/
徐汇区,2023-12,91793,96897,https://fangjia.gotohui.com/years/2487/2023/
徐汇区,2024-01,94409,96849,https://fangjia.gotohui.com/years/2487/2024/
徐汇区,2024-02,93899,95567,https://fangjia.gotohui.com/years/2487/2024/
徐汇区,2024-03,89612,100547,https://fangjia.gotohui.com/years/2487/2024/
徐汇区,2024-04,85347,94174,https://fangjia.gotohui.com/years/2487/2024/
徐汇区,2024-05,84712,93723,https://fangjia.gotohui.com/years/2487/2024/
徐汇区,2024-06,84922,100115,https://fangjia.gotohui.com/years/2487/2024/
徐汇区,2024-07,84212,96919,https://fangjia.gotohui.com/years/2487/2024/
徐汇区,2024-08,83119,97651,https://fangjia.gotohui.com/years/2487/2024/
徐汇区,2024-09,85475,113639,https://fangjia.gotohui.com/years/2487/2024/
徐汇区,2024-0份,,,https://fangjia.gotohui.com/years/2487/2024/
徐汇区,2024-10,83937,126400,https://fangjia.gotohui.com/years/2487/2024/
徐汇区,2024-11,81263,146121,https://fangjia.gotohui.com/years/2487/2024/
徐汇区,2024-12,82479,141233,https://fangjia.gotohui.com/years/2487/2024/
徐汇区,2025-01,84752,120052,https://fangjia.gotohui.com/years/2487/2025/
徐汇区,2025-02,82078,124343,https://fangjia.gotohui.com/years/2487/2025/
徐汇区,2025-03,82400,129026,https://fangjia.gotohui.com/years/2487/2025/
徐汇区,2025-04,82100,138965,https://fangjia.gotohui.com/years/2487/2025/
徐汇区,2025-05,79500,154284,https://fangjia.gotohui.com/years/2487/2025/
徐汇区,2025-06,77800,125528,https://fangjia.gotohui.com/years/2487/2025/
徐汇区,2025-07,78800,126223,https://fangjia.gotohui.com/years/2487/2025/
徐汇区,2025-08,76800,120145,https://fangjia.gotohui.com/years/2487/2025/
徐汇区,2025-09,77700,118324,https://fangjia.gotohui.com/years/2487/2025/
徐汇区,2025-0份,,,https://fangjia.gotohui.com/years/2487/2025/
徐汇区,2025-10,77100,112944,https://fangjia.gotohui.com/years/2487/2025/
徐汇区,2025-11,79200,110893,https://fangjia.gotohui.com/years/2487/2025/
徐汇区,2025-12,79100,110891,https://fangjia.gotohui.com/years/2487/2025/
徐汇区,2026-01,83900,138423,https://fangjia.gotohui.com/fjdata-2487
徐汇区,2026-02,77500,138388,https://fangjia.gotohui.com/fjdata-2487
徐汇区,2026-04,83200,138166,https://fangjia.gotohui.com/fjdata-2487
普陀区,2023-01,75687,107210,https://fangjia.gotohui.com/years/2490/2023/
普陀区,2023-02,74772,115423,https://fangjia.gotohui.com/years/2490/2023/
普陀区,2023-03,74853,120000,https://fangjia.gotohui.com/years/2490/2023/
普陀区,2023-04,74671,119802,https://fangjia.gotohui.com/years/2490/2023/
普陀区,2023-05,75414,119446,https://fangjia.gotohui.com/years/2490/2023/
普陀区,2023-06,75022,119729,https://fangjia.gotohui.com/years/2490/2023/
普陀区,2023-07,74506,119049,https://fangjia.gotohui.com/years/2490/2023/
普陀区,2023-08,74430,113861,https://fangjia.gotohui.com/years/2490/2023/
普陀区,2023-09,74543,114992,https://fangjia.gotohui.com/years/2490/2023/
普陀区,2023-0份,,,https://fangjia.gotohui.com/years/2490/2023/
普陀区,2023-10,72922,116437,https://fangjia.gotohui.com/years/2490/2023/
普陀区,2023-11,71041,116973,https://fangjia.gotohui.com/years/2490/2023/
普陀区,2023-12,73623,119035,https://fangjia.gotohui.com/years/2490/2023/
普陀区,2024-01,71681,119160,https://fangjia.gotohui.com/years/2490/2024/
普陀区,2024-02,72612,113392,https://fangjia.gotohui.com/years/2490/2024/
普陀区,2024-03,72267,105357,https://fangjia.gotohui.com/years/2490/2024/
普陀区,2024-04,70186,104288,https://fangjia.gotohui.com/years/2490/2024/
普陀区,2024-05,68826,103823,https://fangjia.gotohui.com/years/2490/2024/
普陀区,2024-06,69746,99436,https://fangjia.gotohui.com/years/2490/2024/
普陀区,2024-07,68661,99305,https://fangjia.gotohui.com/years/2490/2024/
普陀区,2024-08,67646,98954,https://fangjia.gotohui.com/years/2490/2024/
普陀区,2024-09,67574,100063,https://fangjia.gotohui.com/years/2490/2024/
普陀区,2024-0份,,,https://fangjia.gotohui.com/years/2490/2024/
普陀区,2024-10,66012,99382,https://fangjia.gotohui.com/years/2490/2024/
普陀区,2024-11,65590,99184,https://fangjia.gotohui.com/years/2490/2024/
普陀区,2024-12,64062,103748,https://fangjia.gotohui.com/years/2490/2024/
普陀区,2025-01,65196,104114,https://fangjia.gotohui.com/years/2490/2025/
普陀区,2025-02,66104,105041,https://fangjia.gotohui.com/years/2490/2025/
普陀区,2025-03,65600,101671,https://fangjia.gotohui.com/years/2490/2025/
普陀区,2025-04,65200,96653,https://fangjia.gotohui.com/years/2490/2025/
普陀区,2025-05,65000,94882,https://fangjia.gotohui.com/years/2490/2025/
普陀区,2025-06,64900,95278,https://fangjia.gotohui.com/years/2490/2025/
普陀区,2025-07,66100,95084,https://fangjia.gotohui.com/years/2490/2025/
普陀区,2025-08,64200,95096,https://fangjia.gotohui.com/years/2490/2025/
普陀区,2025-09,64500,103758,https://fangjia.gotohui.com/years/2490/2025/
普陀区,2025-0份,,,https://fangjia.gotohui.com/years/2490/2025/
普陀区,2025-10,63300,103707,https://fangjia.gotohui.com/years/2490/2025/
普陀区,2025-11,62300,103752,https://fangjia.gotohui.com/years/2490/2025/
普陀区,2025-12,62100,95076,https://fangjia.gotohui.com/years/2490/2025/
普陀区,2026-01,61500,95416,https://fangjia.gotohui.com/fjdata-2490
普陀区,2026-02,62700,96967,https://fangjia.gotohui.com/fjdata-2490
普陀区,2026-03,61700,77344,https://fangjia.gotohui.com/fjdata-2490
普陀区,2026-04,60700,96422,https://fangjia.gotohui.com/fjdata-2490
杨浦区,2023-01,78839,0,https://fangjia.gotohui.com/years/2486/2023/
杨浦区,2023-02,82426,95632,https://fangjia.gotohui.com/years/2486/2023/
杨浦区,2023-03,78377,95353,https://fangjia.gotohui.com/years/2486/2023/
杨浦区,2023-04,78838,102223,https://fangjia.gotohui.com/years/2486/2023/
杨浦区,2023-05,78495,101729,https://fangjia.gotohui.com/years/2486/2023/
杨浦区,2023-06,79307,101861,https://fangjia.gotohui.com/years/2486/2023/
杨浦区,2023-07,77872,103057,https://fangjia.gotohui.com/years/2486/2023/
杨浦区,2023-08,77018,106965,https://fangjia.gotohui.com/years/2486/2023/
杨浦区,2023-09,76610,107049,https://fangjia.gotohui.com/years/2486/2023/
杨浦区,2023-0份,,,https://fangjia.gotohui.com/years/2486/2023/
杨浦区,2023-10,74967,110638,https://fangjia.gotohui.com/years/2486/2023/
杨浦区,2023-11,73868,110451,https://fangjia.gotohui.com/years/2486/2023/
杨浦区,2023-12,77149,119301,https://fangjia.gotohui.com/years/2486/2023/
杨浦区,2024-01,75432,117493,https://fangjia.gotohui.com/years/2486/2024/
杨浦区,2024-02,72733,111393,https://fangjia.gotohui.com/years/2486/2024/
杨浦区,2024-03,74825,113058,https://fangjia.gotohui.com/years/2486/2024/
杨浦区,2024-04,72993,112167,https://fangjia.gotohui.com/years/2486/2024/
杨浦区,2024-05,74456,112077,https://fangjia.gotohui.com/years/2486/2024/
杨浦区,2024-06,74984,111939,https://fangjia.gotohui.com/years/2486/2024/
杨浦区,2024-07,73483,117740,https://fangjia.gotohui.com/years/2486/2024/
杨浦区,2024-08,74241,115046,https://fangjia.gotohui.com/years/2486/2024/
杨浦区,2024-09,71231,115444,https://fangjia.gotohui.com/years/2486/2024/
杨浦区,2024-0份,,,https://fangjia.gotohui.com/years/2486/2024/
杨浦区,2024-10,70946,115229,https://fangjia.gotohui.com/years/2486/2024/
杨浦区,2024-11,68519,115074,https://fangjia.gotohui.com/years/2486/2024/
杨浦区,2024-12,71438,114309,https://fangjia.gotohui.com/years/2486/2024/
杨浦区,2025-01,69533,113962,https://fangjia.gotohui.com/years/2486/2025/
杨浦区,2025-02,71379,113769,https://fangjia.gotohui.com/years/2486/2025/
杨浦区,2025-03,71400,109897,https://fangjia.gotohui.com/years/2486/2025/
杨浦区,2025-04,68800,106364,https://fangjia.gotohui.com/years/2486/2025/
杨浦区,2025-05,67500,110970,https://fangjia.gotohui.com/years/2486/2025/
杨浦区,2025-06,70900,111397,https://fangjia.gotohui.com/years/2486/2025/
杨浦区,2025-07,68800,111498,https://fangjia.gotohui.com/years/2486/2025/
杨浦区,2025-08,69600,113416,https://fangjia.gotohui.com/years/2486/2025/
杨浦区,2025-09,69500,112035,https://fangjia.gotohui.com/years/2486/2025/
杨浦区,2025-0份,,,https://fangjia.gotohui.com/years/2486/2025/
杨浦区,2025-10,65700,113158,https://fangjia.gotohui.com/years/2486/2025/
杨浦区,2025-11,64300,113561,https://fangjia.gotohui.com/years/2486/2025/
杨浦区,2025-12,61600,113255,https://fangjia.gotohui.com/years/2486/2025/
杨浦区,2026-01,62300,114015,https://fangjia.gotohui.com/fjdata-2486
杨浦区,2026-02,62100,114083,https://fangjia.gotohui.com/fjdata-2486
杨浦区,2026-03,63400,113843,https://fangjia.gotohui.com/fjdata-2486
杨浦区,2026-04,63000,113191,https://fangjia.gotohui.com/fjdata-2486
松江区,2023-01,45330,45223,https://fangjia.gotohui.com/years/2488/2023/
松江区,2023-02,44880,45682,https://fangjia.gotohui.com/years/2488/2023/
松江区,2023-03,43032,45715,https://fangjia.gotohui.com/years/2488/2023/
松江区,2023-04,45269,46988,https://fangjia.gotohui.com/years/2488/2023/
松江区,2023-05,46088,46714,https://fangjia.gotohui.com/years/2488/2023/
松江区,2023-06,46350,47050,https://fangjia.gotohui.com/years/2488/2023/
松江区,2023-07,46264,46577,https://fangjia.gotohui.com/years/2488/2023/
松江区,2023-08,44632,47551,https://fangjia.gotohui.com/years/2488/2023/
松江区,2023-09,46053,46754,https://fangjia.gotohui.com/years/2488/2023/
松江区,2023-0份,,,https://fangjia.gotohui.com/years/2488/2023/
松江区,2023-10,46741,46850,https://fangjia.gotohui.com/years/2488/2023/
松江区,2023-11,47197,47170,https://fangjia.gotohui.com/years/2488/2023/
松江区,2023-12,46640,45546,https://fangjia.gotohui.com/years/2488/2023/
松江区,2024-01,49066,45576,https://fangjia.gotohui.com/years/2488/2024/
松江区,2024-02,47692,46899,https://fangjia.gotohui.com/years/2488/2024/
松江区,2024-03,47861,47999,https://fangjia.gotohui.com/years/2488/2024/
松江区,2024-04,49316,48637,https://fangjia.gotohui.com/years/2488/2024/
松江区,2024-05,46381,48400,https://fangjia.gotohui.com/years/2488/2024/
松江区,2024-06,46004,47561,https://fangjia.gotohui.com/years/2488/2024/
松江区,2024-07,47426,47395,https://fangjia.gotohui.com/years/2488/2024/
松江区,2024-08,47844,47876,https://fangjia.gotohui.com/years/2488/2024/
松江区,2024-09,46991,48278,https://fangjia.gotohui.com/years/2488/2024/
松江区,2024-0份,,,https://fangjia.gotohui.com/years/2488/2024/
松江区,2024-10,46297,47501,https://fangjia.gotohui.com/years/2488/2024/
松江区,2024-11,46200,48209,https://fangjia.gotohui.com/years/2488/2024/
松江区,2024-12,43754,47749,https://fangjia.gotohui.com/years/2488/2024/
松江区,2025-01,45679,48574,https://fangjia.gotohui.com/years/2488/2025/
松江区,2025-02,45311,47632,https://fangjia.gotohui.com/years/2488/2025/
松江区,2025-03,43700,48572,https://fangjia.gotohui.com/years/2488/2025/
松江区,2025-04,42700,45778,https://fangjia.gotohui.com/years/2488/2025/
松江区,2025-05,43100,46374,https://fangjia.gotohui.com/years/2488/2025/
松江区,2025-06,41500,47405,https://fangjia.gotohui.com/years/2488/2025/
松江区,2025-07,42400,47015,https://fangjia.gotohui.com/years/2488/2025/
松江区,2025-08,41900,47697,https://fangjia.gotohui.com/years/2488/2025/
松江区,2025-09,46500,48065,https://fangjia.gotohui.com/years/2488/2025/
松江区,2025-0份,,,https://fangjia.gotohui.com/years/2488/2025/
松江区,2025-10,42800,47923,https://fangjia.gotohui.com/years/2488/2025/
松江区,2025-11,43900,48308,https://fangjia.gotohui.com/years/2488/2025/
松江区,2025-12,43400,49118,https://fangjia.gotohui.com/years/2488/2025/
松江区,2026-01,42200,49222,https://fangjia.gotohui.com/fjdata-2488
松江区,2026-02,40400,49251,https://fangjia.gotohui.com/fjdata-2488
松江区,2026-03,39600,49004,https://fangjia.gotohui.com/fjdata-2488
松江区,2026-04,39900,48850,https://fangjia.gotohui.com/fjdata-2488
浦东新区,2023-01,79038,58425,https://fangjia.gotohui.com/years/2491/2023/
浦东新区,2023-02,75531,64772,https://fangjia.gotohui.com/years/2491/2023/
浦东新区,2023-03,75901,56583,https://fangjia.gotohui.com/years/2491/2023/
浦东新区,2023-04,75872,55786,https://fangjia.gotohui.com/years/2491/2023/
浦东新区,2023-05,75376,55990,https://fangjia.gotohui.com/years/2491/2023/
浦东新区,2023-06,73647,56782,https://fangjia.gotohui.com/years/2491/2023/
浦东新区,2023-07,72800,56302,https://fangjia.gotohui.com/years/2491/2023/
浦东新区,2023-08,79032,63172,https://fangjia.gotohui.com/years/2491/2023/
浦东新区,2023-09,76306,65522,https://fangjia.gotohui.com/years/2491/2023/
浦东新区,2023-0份,,,https://fangjia.gotohui.com/years/2491/2023/
浦东新区,2023-10,76627,65761,https://fangjia.gotohui.com/years/2491/2023/
浦东新区,2023-11,76445,63740,https://fangjia.gotohui.com/years/2491/2023/
浦东新区,2023-12,73863,42725,https://fangjia.gotohui.com/years/2491/2023/
浦东新区,2024-01,73659,42313,https://fangjia.gotohui.com/years/2491/2024/
浦东新区,2024-02,77881,66153,https://fangjia.gotohui.com/years/2491/2024/
浦东新区,2024-03,72595,64925,https://fangjia.gotohui.com/years/2491/2024/
浦东新区,2024-04,73725,64494,https://fangjia.gotohui.com/years/2491/2024/
浦东新区,2024-05,71088,64075,https://fangjia.gotohui.com/years/2491/2024/
浦东新区,2024-06,70351,68726,https://fangjia.gotohui.com/years/2491/2024/
浦东新区,2024-07,71110,63171,https://fangjia.gotohui.com/years/2491/2024/
浦东新区,2024-08,70296,66583,https://fangjia.gotohui.com/years/2491/2024/
浦东新区,2024-09,69466,70115,https://fangjia.gotohui.com/years/2491/2024/
浦东新区,2024-0份,,,https://fangjia.gotohui.com/years/2491/2024/
浦东新区,2024-10,68094,69384,https://fangjia.gotohui.com/years/2491/2024/
浦东新区,2024-11,68718,70078,https://fangjia.gotohui.com/years/2491/2024/
浦东新区,2024-12,67958,69753,https://fangjia.gotohui.com/years/2491/2024/
浦东新区,2025-01,69128,70425,https://fangjia.gotohui.com/years/2491/2025/
浦东新区,2025-02,68141,68722,https://fangjia.gotohui.com/years/2491/2025/
浦东新区,2025-03,67300,62783,https://fangjia.gotohui.com/years/2491/2025/
浦东新区,2025-04,69200,71192,https://fangjia.gotohui.com/years/2491/2025/
浦东新区,2025-05,65000,70825,https://fangjia.gotohui.com/years/2491/2025/
浦东新区,2025-06,64900,72754,https://fangjia.gotohui.com/years/2491/2025/
浦东新区,2025-07,63800,71753,https://fangjia.gotohui.com/years/2491/2025/
浦东新区,2025-08,64000,69712,https://fangjia.gotohui.com/years/2491/2025/
浦东新区,2025-09,66400,58965,https://fangjia.gotohui.com/years/2491/2025/
浦东新区,2025-0份,,,https://fangjia.gotohui.com/years/2491/2025/
浦东新区,2025-10,66000,58747,https://fangjia.gotohui.com/years/2491/2025/
浦东新区,2025-11,66000,60849,https://fangjia.gotohui.com/years/2491/2025/
浦东新区,2025-12,66400,61444,https://fangjia.gotohui.com/years/2491/2025/
浦东新区,2026-01,66300,61197,https://fangjia.gotohui.com/fjdata-2491
浦东新区,2026-02,63500,60683,https://fangjia.gotohui.com/fjdata-2491
浦东新区,2026-03,63700,62768,https://fangjia.gotohui.com/fjdata-2491
浦东新区,2026-04,64100,75034,https://fangjia.gotohui.com/fjdata-2491
虹口区,2023-01,83599,114820,https://fangjia.gotohui.com/years/2498/2023/
虹口区,2023-02,76475,0,https://fangjia.gotohui.com/years/2498/2023/
虹口区,2023-03,78923,0,https://fangjia.gotohui.com/years/2498/2023/
虹口区,2023-04,79708,0,https://fangjia.gotohui.com/years/2498/2023/
虹口区,2023-05,79903,0,https://fangjia.gotohui.com/years/2498/2023/
虹口区,2023-06,81696,0,https://fangjia.gotohui.com/years/2498/2023/
虹口区,2023-07,76766,118961,https://fangjia.gotohui.com/years/2498/2023/
虹口区,2023-08,76122,126551,https://fangjia.gotohui.com/years/2498/2023/
虹口区,2023-09,79152,116606,https://fangjia.gotohui.com/years/2498/2023/
虹口区,2023-0份,,,https://fangjia.gotohui.com/years/2498/2023/
虹口区,2023-10,77846,109908,https://fangjia.gotohui.com/years/2498/2023/
虹口区,2023-11,77708,118668,https://fangjia.gotohui.com/years/2498/2023/
虹口区,2023-12,80758,118964,https://fangjia.gotohui.com/years/2498/2023/
虹口区,2024-01,80238,118811,https://fangjia.gotohui.com/years/2498/2024/
虹口区,2024-02,78705,116675,https://fangjia.gotohui.com/years/2498/2024/
虹口区,2024-03,77468,119970,https://fangjia.gotohui.com/years/2498/2024/
虹口区,2024-04,77822,141670,https://fangjia.gotohui.com/years/2498/2024/
虹口区,2024-05,79184,119907,https://fangjia.gotohui.com/years/2498/2024/
虹口区,2024-06,77143,129661,https://fangjia.gotohui.com/years/2498/2024/
虹口区,2024-07,75267,135024,https://fangjia.gotohui.com/years/2498/2024/
虹口区,2024-08,76701,137410,https://fangjia.gotohui.com/years/2498/2024/
虹口区,2024-09,75505,136527,https://fangjia.gotohui.com/years/2498/2024/
虹口区,2024-0份,,,https://fangjia.gotohui.com/years/2498/2024/
虹口区,2024-10,74327,138375,https://fangjia.gotohui.com/years/2498/2024/
虹口区,2024-11,73316,137006,https://fangjia.gotohui.com/years/2498/2024/
虹口区,2024-12,77465,138297,https://fangjia.gotohui.com/years/2498/2024/
虹口区,2025-01,74557,132228,https://fangjia.gotohui.com/years/2498/2025/
虹口区,2025-02,72098,128792,https://fangjia.gotohui.com/years/2498/2025/
虹口区,2025-03,70400,117787,https://fangjia.gotohui.com/years/2498/2025/
虹口区,2025-04,69700,112200,https://fangjia.gotohui.com/years/2498/2025/
虹口区,2025-05,68300,120604,https://fangjia.gotohui.com/years/2498/2025/
虹口区,2025-06,73500,119265,https://fangjia.gotohui.com/years/2498/2025/
虹口区,2025-07,83100,119077,https://fangjia.gotohui.com/years/2498/2025/
虹口区,2025-08,73800,118978,https://fangjia.gotohui.com/years/2498/2025/
虹口区,2025-09,72600,119209,https://fangjia.gotohui.com/years/2498/2025/
虹口区,2025-0份,,,https://fangjia.gotohui.com/years/2498/2025/
虹口区,2025-10,68200,116501,https://fangjia.gotohui.com/years/2498/2025/
虹口区,2025-11,65000,129434,https://fangjia.gotohui.com/years/2498/2025/
虹口区,2025-12,62000,129450,https://fangjia.gotohui.com/years/2498/2025/
虹口区,2026-01,63100,129522,https://fangjia.gotohui.com/fjdata-2498
虹口区,2026-02,65500,128055,https://fangjia.gotohui.com/fjdata-2498
虹口区,2026-03,60100,128325,https://fangjia.gotohui.com/fjdata-2498
虹口区,2026-04,66400,131275,https://fangjia.gotohui.com/fjdata-2498
金山区,2023-01,19322,24259,https://fangjia.gotohui.com/years/2494/2023/
金山区,2023-02,19465,24081,https://fangjia.gotohui.com/years/2494/2023/
金山区,2023-03,17990,24027,https://fangjia.gotohui.com/years/2494/2023/
金山区,2023-04,18044,24180,https://fangjia.gotohui.com/years/2494/2023/
金山区,2023-05,19135,24082,https://fangjia.gotohui.com/years/2494/2023/
金山区,2023-06,19206,24041,https://fangjia.gotohui.com/years/2494/2023/
金山区,2023-07,19018,23935,https://fangjia.gotohui.com/years/2494/2023/
金山区,2023-08,18041,25319,https://fangjia.gotohui.com/years/2494/2023/
金山区,2023-09,17988,24632,https://fangjia.gotohui.com/years/2494/2023/
金山区,2023-0份,,,https://fangjia.gotohui.com/years/2494/2023/
金山区,2023-10,17831,24526,https://fangjia.gotohui.com/years/2494/2023/
金山区,2023-11,17824,24267,https://fangjia.gotohui.com/years/2494/2023/
金山区,2023-12,17822,24354,https://fangjia.gotohui.com/years/2494/2023/
金山区,2024-01,18576,24366,https://fangjia.gotohui.com/years/2494/2024/
金山区,2024-02,18664,24571,https://fangjia.gotohui.com/years/2494/2024/
金山区,2024-03,18275,24725,https://fangjia.gotohui.com/years/2494/2024/
金山区,2024-04,17358,24632,https://fangjia.gotohui.com/years/2494/2024/
金山区,2024-05,17464,24533,https://fangjia.gotohui.com/years/2494/2024/
金山区,2024-06,18372,25112,https://fangjia.gotohui.com/years/2494/2024/
金山区,2024-07,17491,25461,https://fangjia.gotohui.com/years/2494/2024/
金山区,2024-08,17758,25436,https://fangjia.gotohui.com/years/2494/2024/
金山区,2024-09,17184,25587,https://fangjia.gotohui.com/years/2494/2024/
金山区,2024-0份,,,https://fangjia.gotohui.com/years/2494/2024/
金山区,2024-10,17603,25724,https://fangjia.gotohui.com/years/2494/2024/
金山区,2024-11,16911,25714,https://fangjia.gotohui.com/years/2494/2024/
金山区,2024-12,17155,25727,https://fangjia.gotohui.com/years/2494/2024/
金山区,2025-01,17374,26351,https://fangjia.gotohui.com/years/2494/2025/
金山区,2025-02,15088,25837,https://fangjia.gotohui.com/years/2494/2025/
金山区,2025-03,17200,26224,https://fangjia.gotohui.com/years/2494/2025/
金山区,2025-04,16400,27006,https://fangjia.gotohui.com/years/2494/2025/
金山区,2025-05,16100,27287,https://fangjia.gotohui.com/years/2494/2025/
金山区,2025-06,17200,27011,https://fangjia.gotohui.com/years/2494/2025/
金山区,2025-07,16300,26636,https://fangjia.gotohui.com/years/2494/2025/
金山区,2025-08,16600,26033,https://fangjia.gotohui.com/years/2494/2025/
金山区,2025-09,16200,25634,https://fangjia.gotohui.com/years/2494/2025/
金山区,2025-0份,,,https://fangjia.gotohui.com/years/2494/2025/
金山区,2025-10,17100,25612,https://fangjia.gotohui.com/years/2494/2025/
金山区,2025-11,15500,26009,https://fangjia.gotohui.com/years/2494/2025/
金山区,2025-12,16300,26928,https://fangjia.gotohui.com/years/2494/2025/
金山区,2026-01,16400,27062,https://fangjia.gotohui.com/fjdata-2494
金山区,2026-02,16000,27430,https://fangjia.gotohui.com/fjdata-2494
金山区,2026-03,16000,27518,https://fangjia.gotohui.com/fjdata-2494
金山区,2026-04,14000,27413,https://fangjia.gotohui.com/fjdata-2494
长宁区,2023-01,86385,0,https://fangjia.gotohui.com/years/2500/2023/
长宁区,2023-02,90771,0,https://fangjia.gotohui.com/years/2500/2023/
长宁区,2023-03,90001,0,https://fangjia.gotohui.com/years/2500/2023/
长宁区,2023-04,85763,0,https://fangjia.gotohui.com/years/2500/2023/
长宁区,2023-05,88090,0,https://fangjia.gotohui.com/years/2500/2023/
长宁区,2023-06,88514,0,https://fangjia.gotohui.com/years/2500/2023/
长宁区,2023-07,83488,130915,https://fangjia.gotohui.com/years/2500/2023/
长宁区,2023-08,82446,129514,https://fangjia.gotohui.com/years/2500/2023/
长宁区,2023-09,85862,131562,https://fangjia.gotohui.com/years/2500/2023/
长宁区,2023-0份,,,https://fangjia.gotohui.com/years/2500/2023/
长宁区,2023-10,85113,129207,https://fangjia.gotohui.com/years/2500/2023/
长宁区,2023-11,85853,130284,https://fangjia.gotohui.com/years/2500/2023/
长宁区,2023-12,85744,131295,https://fangjia.gotohui.com/years/2500/2023/
长宁区,2024-01,84771,130698,https://fangjia.gotohui.com/years/2500/2024/
长宁区,2024-02,82949,129946,https://fangjia.gotohui.com/years/2500/2024/
长宁区,2024-03,83887,130281,https://fangjia.gotohui.com/years/2500/2024/
长宁区,2024-04,79352,129965,https://fangjia.gotohui.com/years/2500/2024/
长宁区,2024-05,81895,129269,https://fangjia.gotohui.com/years/2500/2024/
长宁区,2024-06,80557,130785,https://fangjia.gotohui.com/years/2500/2024/
长宁区,2024-07,79946,130886,https://fangjia.gotohui.com/years/2500/2024/
长宁区,2024-08,80105,128465,https://fangjia.gotohui.com/years/2500/2024/
长宁区,2024-09,77933,128894,https://fangjia.gotohui.com/years/2500/2024/
长宁区,2024-0份,,,https://fangjia.gotohui.com/years/2500/2024/
长宁区,2024-10,78283,131766,https://fangjia.gotohui.com/years/2500/2024/
长宁区,2024-11,81041,100486,https://fangjia.gotohui.com/years/2500/2024/
长宁区,2024-12,78596,101707,https://fangjia.gotohui.com/years/2500/2024/
长宁区,2025-01,80276,101275,https://fangjia.gotohui.com/years/2500/2025/
长宁区,2025-02,81747,101350,https://fangjia.gotohui.com/years/2500/2025/
长宁区,2025-03,81000,146551,https://fangjia.gotohui.com/years/2500/2025/
长宁区,2025-04,78200,142861,https://fangjia.gotohui.com/years/2500/2025/
长宁区,2025-05,75100,143104,https://fangjia.gotohui.com/years/2500/2025/
长宁区,2025-06,74200,108895,https://fangjia.gotohui.com/years/2500/2025/
长宁区,2025-07,74300,138736,https://fangjia.gotohui.com/years/2500/2025/
长宁区,2025-08,77800,137834,https://fangjia.gotohui.com/years/2500/2025/
长宁区,2025-09,70900,138278,https://fangjia.gotohui.com/years/2500/2025/
长宁区,2025-0份,,,https://fangjia.gotohui.com/years/2500/2025/
长宁区,2025-10,69400,133669,https://fangjia.gotohui.com/years/2500/2025/
长宁区,2025-11,69800,133805,https://fangjia.gotohui.com/years/2500/2025/
长宁区,2025-12,68700,133720,https://fangjia.gotohui.com/years/2500/2025/
长宁区,2026-01,71500,132769,https://fangjia.gotohui.com/fjdata-2500
长宁区,2026-02,67400,49773,https://fangjia.gotohui.com/fjdata-2500
长宁区,2026-03,72600,49174,https://fangjia.gotohui.com/fjdata-2500
长宁区,2026-04,70400,49404,https://fangjia.gotohui.com/fjdata-2500
闵行区,2023-01,66221,72189,https://fangjia.gotohui.com/years/2492/2023/
闵行区,2023-02,64509,66879,https://fangjia.gotohui.com/years/2492/2023/
闵行区,2023-03,64897,66780,https://fangjia.gotohui.com/years/2492/2023/
闵行区,2023-04,63400,66500,https://fangjia.gotohui.com/years/2492/2023/
闵行区,2023-05,65791,66293,https://fangjia.gotohui.com/years/2492/2023/
闵行区,2023-06,64978,66687,https://fangjia.gotohui.com/years/2492/2023/
闵行区,2023-07,65079,66968,https://fangjia.gotohui.com/years/2492/2023/
闵行区,2023-08,66039,69937,https://fangjia.gotohui.com/years/2492/2023/
闵行区,2023-09,66394,67942,https://fangjia.gotohui.com/years/2492/2023/
闵行区,2023-0份,,,https://fangjia.gotohui.com/years/2492/2023/
闵行区,2023-10,65686,67621,https://fangjia.gotohui.com/years/2492/2023/
闵行区,2023-11,65410,70244,https://fangjia.gotohui.com/years/2492/2023/
闵行区,2023-12,66265,72389,https://fangjia.gotohui.com/years/2492/2023/
闵行区,2024-01,66606,70209,https://fangjia.gotohui.com/years/2492/2024/
闵行区,2024-02,62082,70136,https://fangjia.gotohui.com/years/2492/2024/
闵行区,2024-03,62966,72911,https://fangjia.gotohui.com/years/2492/2024/
闵行区,2024-04,63291,76670,https://fangjia.gotohui.com/years/2492/2024/
闵行区,2024-05,63385,75801,https://fangjia.gotohui.com/years/2492/2024/
闵行区,2024-06,63852,73037,https://fangjia.gotohui.com/years/2492/2024/
闵行区,2024-07,63765,74225,https://fangjia.gotohui.com/years/2492/2024/
闵行区,2024-08,61898,73421,https://fangjia.gotohui.com/years/2492/2024/
闵行区,2024-09,60930,73555,https://fangjia.gotohui.com/years/2492/2024/
闵行区,2024-0份,,,https://fangjia.gotohui.com/years/2492/2024/
闵行区,2024-10,60723,71725,https://fangjia.gotohui.com/years/2492/2024/
闵行区,2024-11,60417,72254,https://fangjia.gotohui.com/years/2492/2024/
闵行区,2024-12,60195,72802,https://fangjia.gotohui.com/years/2492/2024/
闵行区,2025-01,58844,73561,https://fangjia.gotohui.com/years/2492/2025/
闵行区,2025-02,61958,71773,https://fangjia.gotohui.com/years/2492/2025/
闵行区,2025-03,59400,72138,https://fangjia.gotohui.com/years/2492/2025/
闵行区,2025-04,58900,73015,https://fangjia.gotohui.com/years/2492/2025/
闵行区,2025-05,58200,70589,https://fangjia.gotohui.com/years/2492/2025/
闵行区,2025-06,56400,73192,https://fangjia.gotohui.com/years/2492/2025/
闵行区,2025-07,60100,71946,https://fangjia.gotohui.com/years/2492/2025/
闵行区,2025-08,58200,75373,https://fangjia.gotohui.com/years/2492/2025/
闵行区,2025-09,61400,73238,https://fangjia.gotohui.com/years/2492/2025/
闵行区,2025-0份,,,https://fangjia.gotohui.com/years/2492/2025/
闵行区,2025-10,58500,74142,https://fangjia.gotohui.com/years/2492/2025/
闵行区,2025-11,55800,75256,https://fangjia.gotohui.com/years/2492/2025/
闵行区,2025-12,55900,74343,https://fangjia.gotohui.com/years/2492/2025/
闵行区,2026-01,56700,73847,https://fangjia.gotohui.com/fjdata-2492
闵行区,2026-02,54700,73813,https://fangjia.gotohui.com/fjdata-2492
闵行区,2026-03,53400,73736,https://fangjia.gotohui.com/fjdata-2492
闵行区,2026-04,54900,75739,https://fangjia.gotohui.com/fjdata-2492
青浦区,2023-01,50493,51214,https://fangjia.gotohui.com/years/2489/2023/
青浦区,2023-02,48729,49221,https://fangjia.gotohui.com/years/2489/2023/
青浦区,2023-03,51262,48712,https://fangjia.gotohui.com/years/2489/2023/
青浦区,2023-04,54572,45912,https://fangjia.gotohui.com/years/2489/2023/
青浦区,2023-05,49096,45764,https://fangjia.gotohui.com/years/2489/2023/
青浦区,2023-06,58326,45625,https://fangjia.gotohui.com/years/2489/2023/
青浦区,2023-07,48789,46119,https://fangjia.gotohui.com/years/2489/2023/
青浦区,2023-08,54680,46842,https://fangjia.gotohui.com/years/2489/2023/
青浦区,2023-09,55533,45517,https://fangjia.gotohui.com/years/2489/2023/
青浦区,2023-0份,,,https://fangjia.gotohui.com/years/2489/2023/
青浦区,2023-10,50657,44487,https://fangjia.gotohui.com/years/2489/2023/
青浦区,2023-11,52511,43675,https://fangjia.gotohui.com/years/2489/2023/
青浦区,2023-12,52789,44091,https://fangjia.gotohui.com/years/2489/2023/
青浦区,2024-01,54785,45463,https://fangjia.gotohui.com/years/2489/2024/
青浦区,2024-02,53587,47745,https://fangjia.gotohui.com/years/2489/2024/
青浦区,2024-03,56054,45909,https://fangjia.gotohui.com/years/2489/2024/
青浦区,2024-04,56929,45566,https://fangjia.gotohui.com/years/2489/2024/
青浦区,2024-05,55432,45769,https://fangjia.gotohui.com/years/2489/2024/
青浦区,2024-06,55367,46357,https://fangjia.gotohui.com/years/2489/2024/
青浦区,2024-07,52616,45826,https://fangjia.gotohui.com/years/2489/2024/
青浦区,2024-08,47727,45890,https://fangjia.gotohui.com/years/2489/2024/
青浦区,2024-09,52726,46640,https://fangjia.gotohui.com/years/2489/2024/
青浦区,2024-0份,,,https://fangjia.gotohui.com/years/2489/2024/
青浦区,2024-10,56682,46097,https://fangjia.gotohui.com/years/2489/2024/
青浦区,2024-11,58065,46994,https://fangjia.gotohui.com/years/2489/2024/
青浦区,2024-12,52257,46438,https://fangjia.gotohui.com/years/2489/2024/
青浦区,2025-01,49557,47253,https://fangjia.gotohui.com/years/2489/2025/
青浦区,2025-02,57783,45376,https://fangjia.gotohui.com/years/2489/2025/
青浦区,2025-03,53300,47391,https://fangjia.gotohui.com/years/2489/2025/
青浦区,2025-04,45900,47950,https://fangjia.gotohui.com/years/2489/2025/
青浦区,2025-05,50700,48083,https://fangjia.gotohui.com/years/2489/2025/
青浦区,2025-06,55300,45841,https://fangjia.gotohui.com/years/2489/2025/
青浦区,2025-07,59600,46643,https://fangjia.gotohui.com/years/2489/2025/
青浦区,2025-08,52400,46670,https://fangjia.gotohui.com/years/2489/2025/
青浦区,2025-09,57000,46135,https://fangjia.gotohui.com/years/2489/2025/
青浦区,2025-0份,,,https://fangjia.gotohui.com/years/2489/2025/
青浦区,2025-10,43300,45429,https://fangjia.gotohui.com/years/2489/2025/
青浦区,2025-11,47000,44777,https://fangjia.gotohui.com/years/2489/2025/
青浦区,2025-12,48500,45428,https://fangjia.gotohui.com/years/2489/2025/
青浦区,2026-01,56000,45938,https://fangjia.gotohui.com/fjdata-2489
青浦区,2026-02,46800,45980,https://fangjia.gotohui.com/fjdata-2489
青浦区,2026-03,42700,45818,https://fangjia.gotohui.com/fjdata-2489
青浦区,2026-04,42200,45917,https://fangjia.gotohui.com/fjdata-2489
静安区,2023-01,95977,130143,https://fangjia.gotohui.com/years/2496/2023/
静安区,2023-02,94782,131033,https://fangjia.gotohui.com/years/2496/2023/
静安区,2023-03,96815,130750,https://fangjia.gotohui.com/years/2496/2023/
静安区,2023-04,98243,130748,https://fangjia.gotohui.com/years/2496/2023/
静安区,2023-05,96901,130828,https://fangjia.gotohui.com/years/2496/2023/
静安区,2023-06,98202,135176,https://fangjia.gotohui.com/years/2496/2023/
静安区,2023-07,96367,133602,https://fangjia.gotohui.com/years/2496/2023/
静安区,2023-08,96232,126622,https://fangjia.gotohui.com/years/2496/2023/
静安区,2023-09,98552,125123,https://fangjia.gotohui.com/years/2496/2023/
静安区,2023-0份,,,https://fangjia.gotohui.com/years/2496/2023/
静安区,2023-10,99094,126541,https://fangjia.gotohui.com/years/2496/2023/
静安区,2023-11,96101,134411,https://fangjia.gotohui.com/years/2496/2023/
静安区,2023-12,98982,135941,https://fangjia.gotohui.com/years/2496/2023/
静安区,2024-01,97619,137037,https://fangjia.gotohui.com/years/2496/2024/
静安区,2024-02,101824,136108,https://fangjia.gotohui.com/years/2496/2024/
静安区,2024-03,97067,132484,https://fangjia.gotohui.com/years/2496/2024/
静安区,2024-04,96713,130988,https://fangjia.gotohui.com/years/2496/2024/
静安区,2024-05,94579,134655,https://fangjia.gotohui.com/years/2496/2024/
静安区,2024-06,94320,132083,https://fangjia.gotohui.com/years/2496/2024/
静安区,2024-07,92195,123206,https://fangjia.gotohui.com/years/2496/2024/
静安区,2024-08,93414,121861,https://fangjia.gotohui.com/years/2496/2024/
静安区,2024-09,92801,121958,https://fangjia.gotohui.com/years/2496/2024/
静安区,2024-0份,,,https://fangjia.gotohui.com/years/2496/2024/
静安区,2024-10,95312,120175,https://fangjia.gotohui.com/years/2496/2024/
静安区,2024-11,92050,119262,https://fangjia.gotohui.com/years/2496/2024/
静安区,2024-12,92856,120286,https://fangjia.gotohui.com/years/2496/2024/
静安区,2025-01,94804,121301,https://fangjia.gotohui.com/years/2496/2025/
静安区,2025-02,91480,120092,https://fangjia.gotohui.com/years/2496/2025/
静安区,2025-03,90100,131456,https://fangjia.gotohui.com/years/2496/2025/
静安区,2025-04,89000,123700,https://fangjia.gotohui.com/years/2496/2025/
静安区,2025-05,88500,129847,https://fangjia.gotohui.com/years/2496/2025/
静安区,2025-06,86500,138628,https://fangjia.gotohui.com/years/2496/2025/
静安区,2025-07,81100,139846,https://fangjia.gotohui.com/years/2496/2025/
静安区,2025-08,84900,139366,https://fangjia.gotohui.com/years/2496/2025/
静安区,2025-09,87600,132485,https://fangjia.gotohui.com/years/2496/2025/
静安区,2025-0份,,,https://fangjia.gotohui.com/years/2496/2025/
静安区,2025-10,85200,130388,https://fangjia.gotohui.com/years/2496/2025/
静安区,2025-11,80700,132094,https://fangjia.gotohui.com/years/2496/2025/
静安区,2025-12,80000,132150,https://fangjia.gotohui.com/years/2496/2025/
静安区,2026-01,81700,132387,https://fangjia.gotohui.com/fjdata-2496
静安区,2026-02,85300,131663,https://fangjia.gotohui.com/fjdata-2496
静安区,2026-03,83300,131980,https://fangjia.gotohui.com/fjdata-2496
静安区,2026-04,83000,131322,https://fangjia.gotohui.com/fjdata-2496
黄浦区,2023-01,120721,0,https://fangjia.gotohui.com/years/2497/2023/
黄浦区,2023-02,122230,0,https://fangjia.gotohui.com/years/2497/2023/
黄浦区,2023-03,128605,0,https://fangjia.gotohui.com/years/2497/2023/
黄浦区,2023-04,129354,0,https://fangjia.gotohui.com/years/2497/2023/
黄浦区,2023-05,127376,0,https://fangjia.gotohui.com/years/2497/2023/
黄浦区,2023-06,125024,0,https://fangjia.gotohui.com/years/2497/2023/
黄浦区,2023-07,121698,145429,https://fangjia.gotohui.com/years/2497/2023/
黄浦区,2023-08,138495,132934,https://fangjia.gotohui.com/years/2497/2023/
黄浦区,2023-09,131455,144445,https://fangjia.gotohui.com/years/2497/2023/
黄浦区,2023-0份,,,https://fangjia.gotohui.com/years/2497/2023/
黄浦区,2023-10,129002,145599,https://fangjia.gotohui.com/years/2497/2023/
黄浦区,2023-11,129755,143750,https://fangjia.gotohui.com/years/2497/2023/
黄浦区,2023-12,129867,143778,https://fangjia.gotohui.com/years/2497/2023/
黄浦区,2024-01,125250,143914,https://fangjia.gotohui.com/years/2497/2024/
黄浦区,2024-02,147434,144549,https://fangjia.gotohui.com/years/2497/2024/
黄浦区,2024-03,140130,153194,https://fangjia.gotohui.com/years/2497/2024/
黄浦区,2024-04,129976,156148,https://fangjia.gotohui.com/years/2497/2024/
黄浦区,2024-05,124510,156100,https://fangjia.gotohui.com/years/2497/2024/
黄浦区,2024-06,121616,150857,https://fangjia.gotohui.com/years/2497/2024/
黄浦区,2024-07,124388,149112,https://fangjia.gotohui.com/years/2497/2024/
黄浦区,2024-08,125870,149633,https://fangjia.gotohui.com/years/2497/2024/
黄浦区,2024-09,122076,166879,https://fangjia.gotohui.com/years/2497/2024/
黄浦区,2024-0份,,,https://fangjia.gotohui.com/years/2497/2024/
黄浦区,2024-10,121780,166742,https://fangjia.gotohui.com/years/2497/2024/
黄浦区,2024-11,116154,168913,https://fangjia.gotohui.com/years/2497/2024/
黄浦区,2024-12,121498,167321,https://fangjia.gotohui.com/years/2497/2024/
黄浦区,2025-01,131748,169954,https://fangjia.gotohui.com/years/2497/2025/
黄浦区,2025-02,121107,166575,https://fangjia.gotohui.com/years/2497/2025/
黄浦区,2025-03,118000,167888,https://fangjia.gotohui.com/years/2497/2025/
黄浦区,2025-04,111000,162977,https://fangjia.gotohui.com/years/2497/2025/
黄浦区,2025-05,114000,169681,https://fangjia.gotohui.com/years/2497/2025/
黄浦区,2025-06,113000,171085,https://fangjia.gotohui.com/years/2497/2025/
黄浦区,2025-07,113000,172292,https://fangjia.gotohui.com/years/2497/2025/
黄浦区,2025-08,110000,172841,https://fangjia.gotohui.com/years/2497/2025/
黄浦区,2025-09,109000,166523,https://fangjia.gotohui.com/years/2497/2025/
黄浦区,2025-0份,,,https://fangjia.gotohui.com/years/2497/2025/
黄浦区,2025-10,102000,170930,https://fangjia.gotohui.com/years/2497/2025/
黄浦区,2025-11,105000,173201,https://fangjia.gotohui.com/years/2497/2025/
黄浦区,2025-12,104000,173279,https://fangjia.gotohui.com/years/2497/2025/
黄浦区,2026-01,109000,200609,https://fangjia.gotohui.com/fjdata-2497
黄浦区,2026-02,106000,199790,https://fangjia.gotohui.com/fjdata-2497
黄浦区,2026-03,102000,199785,https://fangjia.gotohui.com/fjdata-2497
黄浦区,2026-04,108000,200512,https://fangjia.gotohui.com/fjdata-2497
